Time,Day_of_week,Age_band_of_driver,Sex_of_driver,Educational_level,Vehicle_driver_relation,Driving_experience,Type_of_vehicle,Owner_of_vehicle,Service_year_of_vehicle,Defect_of_vehicle,Area_accident_occured,Lanes_or_Medians,Road_allignment,Types_of_Junction,Road_surface_type,Road_surface_conditions,Light_conditions,Weather_conditions,Type_of_collision,Number_of_vehicles_involved,Number_of_casualties,Vehicle_movement,Casualty_class,Sex_of_casualty,Age_band_of_casualty,Casualty_severity,Work_of_casuality,Fitness_of_casuality,Pedestrian_movement,Cause_of_accident,Accident_severity,Sex_of_driver_encoded,Owner_of_vehicle_Organization,Owner_of_vehicle_Other,Owner_of_vehicle_Owner,Accident_severity_encoded,Time_seconds,Time_binned,Number_of_vehicles_scaled,Number_of_casualties_scaled,Casualty_severity_numeric,Casualty_severity_decimal_scaled,Time_scaled
18:45:00,Tuesday,31-50,Male,Junior high school,Owner,5-10yr,Public (> 45 seats),Owner,Unknown,No defect, Outside rural areas,Undivided Two way,Tangent road with flat terrain,Y Shape,Asphalt roads,Dry,Daylight,Normal,Vehicle with vehicle collision,1,2,Going straight,Driver or rider,Male,Over 51,3,Employee,Normal,Not a Pedestrian,Changing lane to the right,Slight Injury,1,0.0,0.0,1.0,0.0,67500,Malam,0.0,0.44864884805439376,3,0.3,0.675
13:27:00,Monday,31-50,Male,Elementary school,Employee,2-5yr,Pick up upto 10Q,Owner,Unknown,No defect, Outside rural areas,Two-way (divided with broken lines road marking),Escarpments,Y Shape,Asphalt roads,Dry,Daylight,Normal,Vehicle with vehicle collision,1,1,Moving Backward,na,na,na,na,Driver,Normal,Not a Pedestrian,Changing lane to the right,Slight Injury,1,0.0,0.0,1.0,0.0,48420,Siang,0.0,-0.5442638586190858,0,0.0,0.4842
21:00:00,Monday,18-30,Male,Junior high school,Employee,2-5yr,Lorry (41?100Q),Owner,2-5yrs,No defect, Outside rural areas,Two-way (divided with broken lines road marking),Tangent road with mountainous terrain and,No junction,Asphalt roads,Wet or damp,Darkness - lights lit,Raining,Vehicle with vehicle collision,2,1,Moving Backward,na,na,na,na,Driver,Normal,Not a Pedestrian,No distancing,Slight Injury,1,0.0,0.0,1.0,0.0,75600,Malam,0.16666666666666666,-0.5442638586190858,0,0.0,0.756
21:00:00,Monday,31-50,Male,Junior high school,Employee,Below 1yr,Automobile,Owner,2-5yrs,No defect,Office areas,Undivided Two way,Tangent road with mountainous terrain and,No junction,Asphalt roads,Wet or damp,Darkness - lights lit,Raining,Vehicle with vehicle collision,2,1,Going straight,Driver or rider,Male,Over 51,3,Self-employed,Normal,Not a Pedestrian,No distancing,Slight Injury,1,0.0,0.0,1.0,0.0,75600,Malam,0.16666666666666666,-0.5442638586190858,3,0.3,0.756
14:20:00,Sunday,31-50,Male,Junior high school,Employee,2-5yr,Public (13?45 seats),Owner,2-5yrs,No defect, Outside rural areas,Undivided Two way,Tangent road with mountainous terrain and,Y Shape,Asphalt roads,Dry,Daylight,Normal,Vehicle with vehicle collision,1,1,Going straight,Passenger,Female,31-50,3,Self-employed,Normal,Not a Pedestrian,Overturning,Slight Injury,1,0.0,0.0,1.0,0.0,51600,Sore,0.0,-0.5442638586190858,3,0.3,0.516
16:54:00,Tuesday,Over 51,Male,Junior high school,Employee,2-5yr,Automobile,Owner,Unknown,No defect, Outside rural areas,Undivided Two way,Tangent road with mountainous terrain and,Y Shape,Asphalt roads,Dry,Daylight,Normal,Collision with roadside objects,1,1,Turnover,na,na,na,na,Driver,Normal,Not a Pedestrian,Driving at high speed,Slight Injury,1,0.0,0.0,1.0,0.0,60840,Sore,0.0,-0.5442638586190858,0,0.0,0.6084
16:40:00,Thursday,Unknown,Female,Elementary school,Employee,5-10yr,Public (> 45 seats),Owner,2-5yrs,No defect, Outside rural areas,Undivided Two way,Tangent road with flat terrain,Unknown,Asphalt roads,Dry,Daylight,Normal,Collision with roadside objects,2,1,Going straight,Driver or rider,Female,31-50,3,Self-employed,Normal,Not a Pedestrian,No priority to vehicle,Slight Injury,0,0.0,0.0,1.0,0.0,60000,Sore,0.16666666666666666,-0.5442638586190858,3,0.3,0.6
16:40:00,Thursday,31-50,Male,Junior high school,Employee,Above 10yr,Public (12 seats),Owner,Unknown,No defect,Office areas,Undivided Two way,Tangent road with flat terrain,Unknown,Asphalt roads,Dry,Daylight,Normal,Vehicle with vehicle collision,2,1,Going straight,Driver or rider,Female,Under 18,3,Driver,Normal,Not a Pedestrian,No priority to pedestrian,Slight Injury,1,0.0,0.0,1.0,0.0,60000,Sore,0.16666666666666666,-0.5442638586190858,3,0.3,0.6
16:55:00,Tuesday,Unknown,Male,Junior high school,Employee,5-10yr,Automobile,Owner,Unknown,No defect,  Recreational areas,Undivided Two way,Tangent road with flat terrain,Y Shape,Asphalt roads,Dry,Daylight,Normal,Vehicle with vehicle collision,1,1,Going straight,na,na,na,na,Self-employed,Normal,Not a Pedestrian,No priority to vehicle,Slight Injury,1,0.0,0.0,1.0,0.0,60900,Sore,0.0,-0.5442638586190858,0,0.0,0.609
16:00:00,Friday,Unknown,Female,Junior high school,Employee,2-5yr,Lorry (41?100Q),Owner,Above 10yr,No defect,Office areas,Undivided Two way,Tangent road with flat terrain,Y Shape,Asphalt roads,Dry,Daylight,Normal,Vehicle with vehicle collision,2,1,Going straight,Driver or rider,Male,18-30,3,Driver,Normal,Not a Pedestrian,Other,Slight Injury,0,0.0,0.0,1.0,0.0,57600,Sore,0.16666666666666666,-0.5442638586190858,3,0.3,0.576
16:00:00,Friday,31-50,Male,Junior high school,Employee,5-10yr,Automobile,Owner,2-5yrs,No defect,Other,Two-way (divided with broken lines road marking),Tangent road with mild grade and flat terrain,Y Shape,Asphalt roads,Dry,Daylight,Normal,Vehicle with vehicle collision,2,1,Going straight,Driver or rider,Female,18-30,3,Self-employed,Normal,Not a Pedestrian,Other,Slight Injury,1,0.0,0.0,1.0,0.0,57600,Sore,0.16666666666666666,-0.5442638586190858,3,0.3,0.576
17:00:00,Sunday,18-30,Male,Above high school,Employee,2-5yr,Pick up upto 10Q,Owner,Above 10yr,No defect,Residential areas,Two-way (divided with broken lines road marking),Tangent road with flat terrain,Unknown,Asphalt roads,Dry,Daylight,Normal,Vehicle with vehicle collision,1,1,Going straight,Driver or rider,Female,18-30,3,Self-employed,Normal,Not a Pedestrian,Moving Backward,Serious Injury,1,0.0,0.0,1.0,1.0,61200,Sore,0.0,-0.5442638586190858,3,0.3,0.612
6:10:00,Tuesday,31-50,Male,Junior high school,Employee,5-10yr,Public (12 seats),Owner,Above 10yr,No defect,Residential areas,other,Tangent road with flat terrain,Y Shape,Asphalt roads,Dry,Darkness - lights lit,Normal,Vehicle with vehicle collision,2,1,Going straight,Driver or rider,Male,31-50,3,Self-employed,Normal,Not a Pedestrian,No distancing,Slight Injury,1,0.0,0.0,1.0,0.0,22200,Pagi,0.16666666666666666,-0.5442638586190858,3,0.3,0.222
6:10:00,Tuesday,31-50,Male,Junior high school,Employee,1-2yr,Automobile,Owner,Unknown,No defect,Residential areas,Undivided Two way,Tangent road with flat terrain,Y Shape,Asphalt roads,Dry,Darkness - lights lit,Normal,Vehicle with vehicle collision,2,1,Going straight,Driver or rider,Male,Over 51,3,Driver,Normal,Not a Pedestrian,Moving Backward,Slight Injury,1,0.0,0.0,1.0,0.0,22200,Pagi,0.16666666666666666,-0.5442638586190858,3,0.3,0.222
16:45:00,Wednesday,Unknown,Female,Junior high school,Employee,2-5yr,Automobile,Owner,Above 10yr,No defect,Other,Undivided Two way,Tangent road with flat terrain,Y Shape,Asphalt roads,Dry,Daylight,Normal,Vehicle with vehicle collision,2,1,Going straight,Passenger,Female,Under 18,3,Employee,Normal,Not a Pedestrian,No priority to vehicle,Slight Injury,0,0.0,0.0,1.0,0.0,60300,Sore,0.16666666666666666,-0.5442638586190858,3,0.3,0.603
16:45:00,Wednesday,18-30,Male,Junior high school,Employee,Above 10yr,Automobile,Owner,Unknown,No defect,Office areas,Two-way (divided with broken lines road marking),Tangent road with flat terrain,Y Shape,Asphalt roads,Dry,Daylight,Normal,Vehicle with vehicle collision,2,1,Other,na,na,na,na,Driver,Normal,Not a Pedestrian,Driving carelessly,Slight Injury,1,0.0,0.0,1.0,0.0,60300,Sore,0.16666666666666666,-0.5442638586190858,0,0.0,0.603
0:01:00,Sunday,Unknown,Female,Junior high school,Employee,Below 1yr,Stationwagen,Owner,Unknown,No defect,Other,Two-way (divided with broken lines road marking),Tangent road with flat terrain,No junction,Asphalt roads,Dry,Darkness - lights lit,Normal,Vehicle with vehicle collision,2,1,Getting off,Driver or rider,Male,31-50,3,Driver,Normal,Not a Pedestrian,No distancing,Slight Injury,0,0.0,0.0,1.0,0.0,60,Malam,0.16666666666666666,-0.5442638586190858,3,0.3,0.0006
0:01:00,Sunday,31-50,Male,Junior high school,Employee,2-5yr,Other,Owner,Above 10yr,No defect,Other,other,Tangent road with flat terrain,No junction,Asphalt roads,Dry,Darkness - lights lit,Normal,Other,2,1,Going straight,Pedestrian,Female,Over 51,3,Driver,Normal,Not a Pedestrian,Other,Slight Injury,1,0.0,0.0,1.0,0.0,60,Malam,0.16666666666666666,-0.5442638586190858,3,0.3,0.0006
8:30:00,Monday,31-50,Male,Junior high school,Employee,Below 1yr,Other,Owner,5-10yrs,No defect,Office areas,Two-way (divided with broken lines road marking),Tangent road with flat terrain,Y Shape,Asphalt roads,Dry,Daylight,Normal,Vehicle with vehicle collision,2,1,Going straight,na,na,na,na,Driver,Normal,Not a Pedestrian,Changing lane to the right,Slight Injury,1,0.0,0.0,1.0,0.0,30600,Pagi,0.16666666666666666,-0.5442638586190858,0,0.0,0.306
8:30:00,Monday,Unknown,Female,High school,Employee,5-10yr,Other,Owner,Below 1yr,No defect, Church areas,other,Tangent road with flat terrain,Y Shape,Asphalt roads,Dry,Daylight,Normal,Collision with roadside objects,2,1,Going straight,Driver or rider,Female,31-50,3,Self-employed,Normal,Not a Pedestrian,No distancing,Slight Injury,0,0.0,0.0,1.0,0.0,30600,Pagi,0.16666666666666666,-0.5442638586190858,3,0.3,0.306
9:15:00,Wednesday,18-30,Male,Above high school,Employee,1-2yr,Public (13?45 seats),Owner,Unknown,No defect,Other,Two-way (divided with broken lines road marking),Tangent road with flat terrain,Crossing,Asphalt roads,Dry,Daylight,Normal,Vehicle with vehicle collision,2,1,Other,Passenger,Male,Under 18,3,Driver,Normal,Not a Pedestrian,Driving carelessly,Slight Injury,1,0.0,0.0,1.0,0.0,33300,Pagi,0.16666666666666666,-0.5442638586190858,3,0.3,0.333
9:15:00,Wednesday,Unknown,Female,Junior high school,Employee,Below 1yr,Lorry (41?100Q),Owner,Unknown,No defect,Other,One way,Tangent road with flat terrain,Crossing,Asphalt roads,Dry,Daylight,Normal,Vehicle with vehicle collision,2,1,Going straight,Driver or rider,Male,Over 51,3,Driver,Normal,Not a Pedestrian,No distancing,Slight Injury,0,0.0,0.0,1.0,0.0,33300,Pagi,0.16666666666666666,-0.5442638586190858,3,0.3,0.333
17:43:00,Monday,31-50,Male,Junior high school,Employee,5-10yr,Public (12 seats),Owner,Unknown,No defect,Office areas,Double carriageway (median),Tangent road with flat terrain,Crossing,Asphalt roads,Dry,Daylight,Normal,Vehicle with vehicle collision,2,1,Moving Backward,na,na,na,na,Driver,Normal,Not a Pedestrian,No priority to vehicle,Slight Injury,1,0.0,0.0,1.0,0.0,63780,Sore,0.16666666666666666,-0.5442638586190858,0,0.0,0.6378
17:43:00,Monday,31-50,Male,High school,Employee,Below 1yr,Automobile,Owner,Unknown,No defect,Office areas,One way,Tangent road with mild grade and flat terrain,Crossing,Asphalt roads,Dry,Daylight,Normal,Vehicle with vehicle collision,2,1,Other,Pedestrian,Female,31-50,2,Driver,Normal,"In carriageway, statioNot a Pedestrianry - not crossing  (standing or playing)",Changing lane to the right,Slight Injury,1,0.0,0.0,1.0,0.0,63780,Sore,0.16666666666666666,-0.5442638586190858,2,0.2,0.6378
14:45:00,Wednesday,Unknown,Male,High school,Employee,Below 1yr,Automobile,Owner,Unknown,No defect,Office areas,Undivided Two way,Tangent road with flat terrain,Y Shape,Asphalt roads,Dry,Daylight,Normal,Vehicle with vehicle collision,1,1,Going straight,Driver or rider,Male,Over 51,3,Driver,Normal,Not a Pedestrian,No priority to pedestrian,Slight Injury,1,0.0,0.0,1.0,0.0,53100,Sore,0.0,-0.5442638586190858,3,0.3,0.531
12:10:00,Tuesday,18-30,Male,Junior high school,Employee,5-10yr,Stationwagen,Owner,Unknown,No defect,Office areas,Double carriageway (median),Tangent road with flat terrain,Y Shape,Asphalt roads,Dry,Daylight,Normal,Vehicle with vehicle collision,2,1,Going straight,Driver or rider,Female,18-30,3,Self-employed,Normal,Not a Pedestrian,No priority to vehicle,Serious Injury,1,0.0,0.0,1.0,1.0,43800,Siang,0.16666666666666666,-0.5442638586190858,3,0.3,0.438
12:10:00,Tuesday,31-50,Male,High school,Employee,2-5yr,Lorry (41?100Q),Owner,Unknown,No defect,Other,Two-way (divided with broken lines road marking),Tangent road with flat terrain,Y Shape,Asphalt roads,Dry,Daylight,Normal,Collision with roadside objects,2,1,Going straight,Pedestrian,Female,Under 18,2,Driver,Normal,Crossing from nearside - masked by parked or statioNot a Pedestrianry vehicle,Changing lane to the left,Serious Injury,1,0.0,0.0,1.0,1.0,43800,Siang,0.16666666666666666,-0.5442638586190858,2,0.2,0.438
6:02:00,Saturday,31-50,Male,Junior high school,Employee,Above 10yr,Lorry (41?100Q),Owner,Below 1yr,No defect,Office areas,Undivided Two way,Tangent road with flat terrain,Y Shape,Asphalt roads,Dry,Darkness - lights lit,Normal,Collision with roadside objects,2,1,Going straight,na,na,na,na,Driver,Normal,Not a Pedestrian,Turnover,Slight Injury,1,0.0,0.0,1.0,0.0,21720,Pagi,0.16666666666666666,-0.5442638586190858,0,0.0,0.2172
6:02:00,Saturday,18-30,Male,Junior high school,Employee,Above 10yr,Lorry (41?100Q),Owner,Unknown,No defect,Other,Two-way (divided with broken lines road marking),Tangent road with flat terrain,Y Shape,Asphalt roads,Dry,Darkness - lights lit,Normal,Vehicle with vehicle collision,2,1,Going straight,Driver or rider,Female,Over 51,3,Self-employed,Normal,Not a Pedestrian,Driving to the left,Slight Injury,1,0.0,0.0,1.0,0.0,21720,Pagi,0.16666666666666666,-0.5442638586190858,3,0.3,0.2172
22:05:00,Thursday,18-30,Male,Junior high school,Employee,5-10yr,Public (> 45 seats),Owner,Unknown,No defect,Other,Double carriageway (median),Tangent road with flat terrain,Y Shape,Gravel roads,Dry,Darkness - lights lit,Normal,Collision with roadside objects,2,1,Going straight,na,na,na,na,Self-employed,Normal,Not a Pedestrian,Driving carelessly,Slight Injury,1,0.0,0.0,1.0,0.0,79500,Malam,0.16666666666666666,-0.5442638586190858,0,0.0,0.795
22:05:00,Thursday,31-50,Male,Junior high school,Employee,1-2yr,Public (12 seats),Governmental,Unknown,No defect,Other,Two-way (divided with broken lines road marking),Tangent road with flat terrain,Y Shape,Asphalt roads,Dry,Darkness - lights lit,Normal,Collision with roadside objects,2,1,Going straight,Driver or rider,Male,31-50,3,Driver,Normal,Not a Pedestrian,Driving to the left,Slight Injury,1,0.0,0.0,0.0,0.0,79500,Malam,0.16666666666666666,-0.5442638586190858,3,0.3,0.795
18:45:00,Thursday,31-50,Male,Unknown,Employee,Below 1yr,Other,Owner,Unknown,No defect,Office areas,Two-way (divided with broken lines road marking),Tangent road with flat terrain,Y Shape,Asphalt roads,Dry,Darkness - lights lit,Normal,Vehicle with vehicle collision,1,1,Going straight,na,na,na,na,Self-employed,Normal,Not a Pedestrian,Driving carelessly,Slight Injury,1,0.0,0.0,1.0,0.0,67500,Malam,0.0,-0.5442638586190858,0,0.0,0.675
16:23:00,Saturday,31-50,Male,Junior high school,Employee,Below 1yr,Public (12 seats),Owner,Unknown,No defect,Office areas,Two-way (divided with broken lines road marking),Tangent road with flat terrain,No junction,Asphalt roads,Dry,Daylight,Normal,Vehicle with vehicle collision,1,1,Going straight,Driver or rider,Male,18-30,3,Driver,Normal,Not a Pedestrian,No priority to pedestrian,Slight Injury,1,0.0,0.0,1.0,0.0,58980,Sore,0.0,-0.5442638586190858,3,0.3,0.5898
11:00:00,Monday,Unknown,Female,High school,Employee,2-5yr,Other,Owner,Unknown,No defect,Office areas,Two-way (divided with broken lines road marking),Tangent road with flat terrain,No junction,Asphalt roads,Dry,Daylight,Normal,Collision with roadside objects,1,1,Going straight,Pedestrian,Male,Over 51,2,Driver,Normal,Unknown or other,Driving carelessly,Slight Injury,0,0.0,0.0,1.0,0.0,39600,Siang,0.0,-0.5442638586190858,2,0.2,0.396
17:25:00,Monday,31-50,Male,Junior high school,Owner,1-2yr,Public (12 seats),Governmental,Unknown,No defect,Office areas,Two-way (divided with broken lines road marking),Tangent road with flat terrain,Y Shape,Asphalt roads,Wet or damp,Darkness - lights lit,Raining,Vehicle with vehicle collision,1,1,Going straight,Driver or rider,Male,Over 51,2,Driver,Normal,Not a Pedestrian,Changing lane to the right,Slight Injury,1,0.0,0.0,0.0,0.0,62700,Sore,0.0,-0.5442638586190858,2,0.2,0.627
22:20:00,Monday,Under 18,Male,Junior high school,Employee,5-10yr,Stationwagen,Owner,2-5yrs,No defect, Church areas,Undivided Two way,Tangent road with flat terrain,No junction,Asphalt roads,Wet or damp,Darkness - lights lit,Raining,Vehicle with vehicle collision,2,1,Going straight,Pedestrian,Female,31-50,3,Self-employed,Normal,Not a Pedestrian,Moving Backward,Slight Injury,1,0.0,0.0,1.0,0.0,80400,Malam,0.16666666666666666,-0.5442638586190858,3,0.3,0.804
22:20:00,Monday,18-30,Male,Elementary school,Employee,2-5yr,Automobile,Governmental,Unknown,No defect,Office areas,Two-way (divided with broken lines road marking),Tangent road with flat terrain,No junction,Asphalt roads,Wet or damp,Darkness - lights lit,Raining,Vehicle with vehicle collision,2,1,Going straight,Pedestrian,Male,18-30,3,Driver,Normal,Unknown or other,Driving carelessly,Slight Injury,1,0.0,0.0,0.0,0.0,80400,Malam,0.16666666666666666,-0.5442638586190858,3,0.3,0.804
0:29:00,Tuesday,18-30,Male,Elementary school,Owner,5-10yr,Lorry (41?100Q),Governmental,Unknown,No defect,Residential areas,Two-way (divided with broken lines road marking),Tangent road with flat terrain,Crossing,Asphalt roads,Dry,Darkness - lights lit,Normal,Vehicle with vehicle collision,1,1,Going straight,Pedestrian,Female,18-30,3,Employee,Normal,Crossing from nearside - masked by parked or statioNot a Pedestrianry vehicle,Changing lane to the right,Slight Injury,1,0.0,0.0,0.0,0.0,1740,Malam,0.0,-0.5442638586190858,3,0.3,0.0174
9:50:00,Friday,Unknown,Male,Junior high school,Employee,Above 10yr,Special vehicle,Owner,Unknown,No defect,School areas,Two-way (divided with broken lines road marking),Tangent road with flat terrain,Crossing,Asphalt roads,Dry,Daylight,Normal,Vehicle with vehicle collision,1,1,Going straight,Pedestrian,Female,Under 18,3,Driver,Normal,Not a Pedestrian,Driving carelessly,Slight Injury,1,0.0,0.0,1.0,0.0,35400,Pagi,0.0,-0.5442638586190858,3,0.3,0.354
10:11:00,Tuesday,18-30,Male,Junior high school,Employee,5-10yr,Lorry (41?100Q),Owner,Unknown,No defect,Office areas,Undivided Two way,Tangent road with flat terrain,No junction,Asphalt roads with some distress,Dry,Daylight,Normal,Vehicle with vehicle collision,2,1,Going straight,Driver or rider,Male,31-50,2,Driver,Normal,Not a Pedestrian,Driving carelessly,Slight Injury,1,0.0,0.0,1.0,0.0,36660,Siang,0.16666666666666666,-0.5442638586190858,2,0.2,0.3666
10:11:00,Tuesday,31-50,Male,High school,Employee,5-10yr,Lorry (41?100Q),Owner,5-10yrs,No defect,Other,Undivided Two way,Tangent road with flat terrain,No junction,Asphalt roads,Dry,Daylight,Normal,Collision with pedestrians,2,1,Going straight,na,na,na,na,Driver,Normal,Not a Pedestrian,Driving carelessly,Slight Injury,1,0.0,0.0,1.0,0.0,36660,Siang,0.16666666666666666,-0.5442638586190858,0,0.0,0.3666
10:41:00,Tuesday,31-50,Male,Junior high school,Employee,5-10yr,Public (> 45 seats),Owner,Unknown,No defect,Other,Double carriageway (median),Tangent road with flat terrain,Y Shape,Asphalt roads,Wet or damp,Daylight,Normal,Vehicle with vehicle collision,1,1,Going straight,Driver or rider,Male,31-50,3,Driver,Normal,Not a Pedestrian,Changing lane to the right,Slight Injury,1,0.0,0.0,1.0,0.0,38460,Siang,0.0,-0.5442638586190858,3,0.3,0.3846
16:25:00,Tuesday,31-50,Male,Junior high school,Employee,Above 10yr,Automobile,Governmental,Unknown,No defect,Other,Double carriageway (median),Tangent road with flat terrain,Crossing,Asphalt roads,Dry,Darkness - lights lit,Normal,Collision with roadside objects,2,1,Going straight,na,na,na,na,Driver,Normal,Not a Pedestrian,Changing lane to the right,Slight Injury,1,0.0,0.0,0.0,0.0,59100,Sore,0.16666666666666666,-0.5442638586190858,0,0.0,0.591
16:25:00,Tuesday,31-50,Male,Junior high school,Employee,1-2yr,Automobile,Owner,5-10yrs,No defect,Other,Two-way (divided with broken lines road marking),Tangent road with flat terrain,Crossing,Asphalt roads,Dry,Darkness - lights lit,Normal,Vehicle with vehicle collision,2,1,Going straight,na,na,na,na,Driver,Normal,Not a Pedestrian,Driving carelessly,Slight Injury,1,0.0,0.0,1.0,0.0,59100,Sore,0.16666666666666666,-0.5442638586190858,0,0.0,0.591
21:28:00,Tuesday,18-30,Male,Junior high school,Employee,2-5yr,Automobile,Owner,Unknown,No defect,Office areas,Double carriageway (median),Tangent road with mild grade and flat terrain,Crossing,Asphalt roads,Dry,Darkness - lights lit,Normal,Vehicle with vehicle collision,1,1,Turnover,Driver or rider,Male,31-50,3,Employee,Normal,Not a Pedestrian,Overtaking,Slight Injury,1,0.0,0.0,1.0,0.0,77280,Malam,0.0,-0.5442638586190858,3,0.3,0.7728
7:07:00,Wednesday,31-50,Male,Junior high school,Employee,1-2yr,Public (> 45 seats),Owner,Unknown,No defect,Office areas,Two-way (divided with broken lines road marking),Tangent road with flat terrain,Y Shape,Asphalt roads,Dry,Darkness - lights lit,Normal,Vehicle with vehicle collision,2,1,Moving Backward,Driver or rider,Female,Over 51,3,Driver,Normal,Not a Pedestrian,Changing lane to the right,Slight Injury,1,0.0,0.0,1.0,0.0,25620,Pagi,0.16666666666666666,-0.5442638586190858,3,0.3,0.2562
7:07:00,Wednesday,31-50,Male,Junior high school,Employee,5-10yr,Lorry (11?40Q),Owner,Unknown,No defect,Office areas,Two-way (divided with broken lines road marking),Tangent road with mild grade and flat terrain,Y Shape,Asphalt roads,Dry,Darkness - lights lit,Normal,Vehicle with vehicle collision,2,1,Going straight,na,na,na,na,Employee,Normal,Not a Pedestrian,No distancing,Slight Injury,1,0.0,0.0,1.0,0.0,25620,Pagi,0.16666666666666666,-0.5442638586190858,0,0.0,0.2562
12:10:00,Wednesday,Unknown,Unknown,Elementary school,Employee,5-10yr,Pick up upto 10Q,Owner,Unknown,No defect,Office areas,Two-way (divided with broken lines road marking),Tangent road with mild grade and flat terrain,Y Shape,Asphalt roads,Dry,Daylight,Normal,Vehicle with vehicle collision,1,1,Going straight,na,na,na,na,Self-employed,Normal,Not a Pedestrian,Other,Slight Injury,2,0.0,0.0,1.0,0.0,43800,Siang,0.0,-0.5442638586190858,0,0.0,0.438
11:30:00,Wednesday,31-50,Male,Junior high school,Employee,5-10yr,Lorry (11?40Q),Owner,Unknown,No defect,Office areas,One way,Tangent road with flat terrain,Crossing,Asphalt roads,Dry,Daylight,Normal,Vehicle with vehicle collision,1,1,Moving Backward,Driver or rider,Male,Over 51,3,Driver,Normal,Not a Pedestrian,Changing lane to the right,Slight Injury,1,0.0,0.0,1.0,0.0,41400,Siang,0.0,-0.5442638586190858,3,0.3,0.414
7:25:00,Wednesday,18-30,Male,Junior high school,Employee,Above 10yr,Pick up upto 10Q,Owner,Unknown,No defect,Office areas,Two-way (divided with broken lines road marking),Tangent road with flat terrain,Y Shape,Asphalt roads,Dry,Daylight,Normal,Vehicle with vehicle collision,3,2,Going straight,Driver or rider,Male,31-50,3,Driver,Normal,Not a Pedestrian,Changing lane to the right,Serious Injury,1,0.0,0.0,1.0,1.0,26700,Pagi,0.33333333333333337,0.44864884805439376,3,0.3,0.267
7:25:00,Wednesday,18-30,Male,Junior high school,Employee,2-5yr,Special vehicle,Owner,Unknown,No defect,Office areas,Two-way (divided with broken lines road marking),Tangent road with flat terrain,Y Shape,Asphalt roads,Dry,Daylight,Normal,Vehicle with vehicle collision,3,2,Moving Backward,Driver or rider,Male,31-50,3,Self-employed,Normal,Not a Pedestrian,Overtaking,Serious Injury,1,0.0,0.0,1.0,1.0,26700,Pagi,0.33333333333333337,0.44864884805439376,3,0.3,0.267
7:25:00,Wednesday,18-30,Male,Junior high school,Owner,Above 10yr,Lorry (11?40Q),Owner,5-10yrs,No defect,Other,Undivided Two way,Tangent road with flat terrain,Y Shape,Asphalt roads,Dry,Daylight,Normal,Vehicle with vehicle collision,3,2,Going straight,Driver or rider,Male,18-30,3,Self-employed,Normal,Not a Pedestrian,Other,Serious Injury,1,0.0,0.0,1.0,1.0,26700,Pagi,0.33333333333333337,0.44864884805439376,3,0.3,0.267
17:30:00,Wednesday,31-50,Male,Junior high school,Employee,2-5yr,Automobile,Owner,Unknown,No defect,Other,Two-way (divided with broken lines road marking),Tangent road with flat terrain,Crossing,Asphalt roads,Dry,Darkness - lights lit,Normal,Collision with roadside objects,2,1,Going straight,na,na,na,na,Driver,Normal,Not a Pedestrian,Driving to the left,Slight Injury,1,0.0,0.0,1.0,0.0,63000,Sore,0.16666666666666666,-0.5442638586190858,0,0.0,0.63
17:30:00,Wednesday,31-50,Male,Elementary school,Other,5-10yr,Automobile,Owner,2-5yrs,No defect,Residential areas,Two-way (divided with broken lines road marking),Tangent road with flat terrain,Crossing,Asphalt roads,Dry,Darkness - lights lit,Normal,Vehicle with vehicle collision,2,1,Going straight,Driver or rider,Male,31-50,3,Driver,Normal,Not a Pedestrian,Overtaking,Slight Injury,1,0.0,0.0,1.0,0.0,63000,Sore,0.16666666666666666,-0.5442638586190858,3,0.3,0.63
14:35:00,Tuesday,18-30,Male,Elementary school,Employee,5-10yr,Lorry (41?100Q),Owner,Unknown,No defect,Other,Two-way (divided with broken lines road marking),Tangent road with flat terrain,Y Shape,Asphalt roads,Wet or damp,Daylight,Raining,Collision with roadside objects,2,1,Other,Pedestrian,Male,18-30,3,Self-employed,Normal,Not a Pedestrian,No priority to vehicle,Slight Injury,1,0.0,0.0,1.0,0.0,52500,Sore,0.16666666666666666,-0.5442638586190858,3,0.3,0.525
14:35:00,Tuesday,Over 51,Male,Junior high school,Employee,5-10yr,Other,Owner,5-10yrs,No defect,Other,Two-way (divided with broken lines road marking),Tangent road with flat terrain,Y Shape,Asphalt roads,Wet or damp,Daylight,Raining,Vehicle with vehicle collision,2,1,Other,na,na,na,na,Self-employed,Normal,Not a Pedestrian,Moving Backward,Slight Injury,1,0.0,0.0,1.0,0.0,52500,Sore,0.16666666666666666,-0.5442638586190858,0,0.0,0.525
13:58:00,Thursday,18-30,Male,Junior high school,Employee,5-10yr,Other,Governmental,Unknown,No defect,Other,Two-way (divided with broken lines road marking),Tangent road with flat terrain,Crossing,Asphalt roads,Dry,Daylight,Normal,Vehicle with vehicle collision,1,1,Going straight,Driver or rider,Male,18-30,3,Driver,Normal,Not a Pedestrian,Other,Slight Injury,1,0.0,0.0,0.0,0.0,50280,Siang,0.0,-0.5442638586190858,3,0.3,0.5028