Time,Day_of_week,Age_band_of_driver,Sex_of_driver,Educational_level,Vehicle_driver_relation,Driving_experience,Type_of_vehicle,Owner_of_vehicle,Service_year_of_vehicle,Defect_of_vehicle,Area_accident_occured,Lanes_or_Medians,Road_allignment,Types_of_Junction,Road_surface_type,Road_surface_conditions,Light_conditions,Weather_conditions,Type_of_collision,Number_of_vehicles_involved,Number_of_casualties,Vehicle_movement,Casualty_class,Sex_of_casualty,Age_band_of_casualty,Casualty_severity,Work_of_casuality,Fitness_of_casuality,Pedestrian_movement,Cause_of_accident,Accident_severity,Sex_of_driver_encoded,Owner_of_vehicle_Organization,Owner_of_vehicle_Other,Owner_of_vehicle_Owner,Accident_severity_encoded,Time_seconds,Time_binned,Number_of_vehicles_scaled,Number_of_casualties_scaled,Casualty_severity_numeric,Casualty_severity_decimal_scaled,Time_scaled
19:45:00,Saturday,Unknown,Male,Junior high school,Employee,2-5yr,Other,Owner,Unknown,No defect,Residential areas,other,Tangent road with flat terrain,No junction,Asphalt roads,Dry,Darkness - lights lit,Normal,Vehicle with vehicle collision,3,1,Going straight,na,na,na,na,Driver,Normal,Not a Pedestrian,Driving carelessly,Slight Injury,1,0.0,0.0,1.0,0.0,71100,Malam,0.33333333333333337,-0.5442638586190858,0,0.0,0.711
19:45:00,Saturday,31-50,Male,Junior high school,Employee,2-5yr,Lorry (41?100Q),Governmental,2-5yrs,No defect,  Recreational areas,Undivided Two way,Tangent road with flat terrain,No junction,Asphalt roads,Dry,Darkness - lights lit,Normal,Collision with pedestrians,3,1,Going straight,na,na,na,na,Driver,Normal,Not a Pedestrian,No distancing,Slight Injury,1,0.0,0.0,0.0,0.0,71100,Malam,0.33333333333333337,-0.5442638586190858,0,0.0,0.711
3:09:00,Sunday,18-30,Male,High school,Employee,2-5yr,Automobile,Owner,1-2yr,No defect,Other,other,Tangent road with flat terrain,Crossing,Asphalt roads,Dry,Darkness - lights lit,Normal,Vehicle with vehicle collision,2,1,Going straight,Driver or rider,Male,18-30,3,Driver,Normal,Not a Pedestrian,Getting off the vehicle improperly,Slight Injury,1,0.0,0.0,1.0,0.0,11340,Pagi,0.16666666666666666,-0.5442638586190858,3,0.3,0.1134
3:09:00,Sunday,Unknown,Male,Junior high school,Employee,Above 10yr,Public (> 45 seats),Owner,Above 10yr,No defect,Residential areas,other,Tangent road with flat terrain,Crossing,Asphalt roads,Dry,Darkness - lights lit,Normal,Vehicle with vehicle collision,2,1,Going straight,Passenger,Male,31-50,3,Driver,Normal,Not a Pedestrian,Driving under the influence of drugs,Slight Injury,1,0.0,0.0,1.0,0.0,11340,Pagi,0.16666666666666666,-0.5442638586190858,3,0.3,0.1134
1:15:00,Sunday,18-30,Male,Junior high school,Employee,2-5yr,Lorry (41?100Q),Owner,Unknown,No defect,Other,other,Tangent road with flat terrain,Crossing,Asphalt roads,Dry,Darkness - lights lit,Normal,Collision with pedestrians,2,2,Moving Backward,Driver or rider,Male,Over 51,3,Driver,Normal,Not a Pedestrian,Changing lane to the right,Slight Injury,1,0.0,0.0,1.0,0.0,4500,Malam,0.16666666666666666,0.44864884805439376,3,0.3,0.045
1:15:00,Sunday,18-30,Male,Junior high school,Employee,1-2yr,Other,Owner,Unknown,No defect,Other,other,Tangent road with flat terrain,Crossing,Asphalt roads,Dry,Darkness - lights lit,Normal,Collision with pedestrians,2,2,Going straight,Passenger,Female,18-30,3,Driver,Normal,Not a Pedestrian,Driving carelessly,Slight Injury,1,0.0,0.0,1.0,0.0,4500,Malam,0.16666666666666666,0.44864884805439376,3,0.3,0.045
1:15:00,Sunday,31-50,Male,Junior high school,Employee,2-5yr,Other,Owner,5-10yrs,No defect,Other,One way,Tangent road with flat terrain,Crossing,Asphalt roads,Dry,Darkness - lights lit,Normal,Vehicle with vehicle collision,2,2,Other,Driver or rider,Male,Under 18,3,Other,Normal,Not a Pedestrian,Moving Backward,Slight Injury,1,0.0,0.0,1.0,0.0,4500,Malam,0.16666666666666666,0.44864884805439376,3,0.3,0.045
17:20:00,Monday,31-50,Male,Junior high school,Employee,5-10yr,Automobile,Owner,Unknown,No defect,Other,Two-way (divided with broken lines road marking),Tangent road with flat terrain,Y Shape,Asphalt roads,Dry,Daylight,Normal,Vehicle with vehicle collision,1,1,Other,na,na,na,na,Driver,Normal,Not a Pedestrian,Turnover,Slight Injury,1,0.0,0.0,1.0,0.0,62400,Sore,0.0,-0.5442638586190858,0,0.0,0.624
12:40:00,Thursday,18-30,Male,Junior high school,Employee,1-2yr,Lorry (41?100Q),Owner,2-5yrs,No defect,Other,other,Tangent road with flat terrain,Y Shape,Asphalt roads,Dry,Daylight,Normal,Vehicle with vehicle collision,2,1,Going straight,Driver or rider,Male,18-30,3,Driver,Normal,Not a Pedestrian,Changing lane to the right,Slight Injury,1,0.0,0.0,1.0,0.0,45600,Siang,0.16666666666666666,-0.5442638586190858,3,0.3,0.456
12:40:00,Thursday,Unknown,Male,Elementary school,Employee,1-2yr,Pick up upto 10Q,Owner,Unknown,No defect,School areas,Undivided Two way,Tangent road with flat terrain,Y Shape,Asphalt roads,Dry,Daylight,Normal,Vehicle with vehicle collision,2,1,Going straight,Driver or rider,Male,31-50,3,Driver,Normal,Not a Pedestrian,Driving carelessly,Slight Injury,1,0.0,0.0,1.0,0.0,45600,Siang,0.16666666666666666,-0.5442638586190858,3,0.3,0.456
14:23:00,Monday,18-30,Male,Junior high school,Employee,2-5yr,Automobile,Owner,Unknown,No defect,Office areas,Two-way (divided with broken lines road marking),Tangent road with flat terrain,Crossing,Asphalt roads,Dry,Daylight,Normal,Vehicle with vehicle collision,2,1,Going straight,na,na,na,na,Driver,Normal,Not a Pedestrian,No priority to vehicle,Slight Injury,1,0.0,0.0,1.0,0.0,51780,Sore,0.16666666666666666,-0.5442638586190858,0,0.0,0.5178
14:23:00,Monday,Under 18,Male,Junior high school,Employee,Above 10yr,Automobile,Owner,Unknown,No defect,Office areas,Two-way (divided with broken lines road marking),Tangent road with flat terrain,Crossing,Asphalt roads,Dry,Daylight,Normal,Collision with roadside objects,2,1,Going straight,Driver or rider,Male,31-50,3,Employee,Normal,Not a Pedestrian,Moving Backward,Slight Injury,1,0.0,0.0,1.0,0.0,51780,Sore,0.16666666666666666,-0.5442638586190858,3,0.3,0.5178
0:30:00,Tuesday,31-50,Male,Junior high school,Employee,Below 1yr,Other,Owner,5-10yrs,No defect,Office areas,Two-way (divided with broken lines road marking),Tangent road with flat terrain,Y Shape,Asphalt roads,Dry,Darkness - lights lit,Normal,Vehicle with vehicle collision,2,1,Other,na,na,na,na,Driver,Normal,Not a Pedestrian,Changing lane to the left,Slight Injury,1,0.0,0.0,1.0,0.0,1800,Malam,0.16666666666666666,-0.5442638586190858,0,0.0,0.018
0:30:00,Tuesday,31-50,Male,Junior high school,Employee,Above 10yr,Automobile,Owner,Unknown,No defect,School areas,Two-way (divided with broken lines road marking),Tangent road with flat terrain,Y Shape,Asphalt roads with some distress,Dry,Darkness - lights lit,Normal,Vehicle with vehicle collision,2,1,Going straight,Driver or rider,Male,18-30,3,Student,Normal,Not a Pedestrian,Overturning,Slight Injury,1,0.0,0.0,1.0,0.0,1800,Malam,0.16666666666666666,-0.5442638586190858,3,0.3,0.018
9:16:00,Monday,31-50,Male,Elementary school,Owner,5-10yr,Stationwagen,Governmental,Unknown,No defect,School areas,Undivided Two way,Tangent road with flat terrain,No junction,Asphalt roads,Dry,Daylight,Normal,Vehicle with vehicle collision,1,1,Getting off,na,na,na,na,Driver,Normal,Not a Pedestrian,No distancing,Slight Injury,1,0.0,0.0,0.0,0.0,33360,Pagi,0.0,-0.5442638586190858,0,0.0,0.3336
22:50:00,Tuesday,18-30,Male,Elementary school,Employee,Above 10yr,Other,Owner,Unknown,No defect,Office areas,Two-way (divided with broken lines road marking),Tangent road with flat terrain,Y Shape,Asphalt roads,Dry,Darkness - lights lit,Normal,Vehicle with vehicle collision,2,1,Going straight,Driver or rider,Male,Under 18,3,Self-employed,Normal,Not a Pedestrian,Driving carelessly,Slight Injury,1,0.0,0.0,1.0,0.0,82200,Malam,0.16666666666666666,-0.5442638586190858,3,0.3,0.822
22:50:00,Tuesday,Unknown,Male,Junior high school,Employee,1-2yr,Automobile,Owner,Unknown,No defect,Office areas,Two-way (divided with broken lines road marking),Tangent road with flat terrain,Y Shape,Asphalt roads,Dry,Darkness - lights lit,Normal,Vehicle with vehicle collision,2,1,Going straight,Pedestrian,Male,Over 51,2,Self-employed,Normal,Not a Pedestrian,No distancing,Slight Injury,1,0.0,0.0,1.0,0.0,82200,Malam,0.16666666666666666,-0.5442638586190858,2,0.2,0.822
7:12:00,Tuesday,31-50,Male,Junior high school,Employee,5-10yr,Ridden horse,Governmental,Above 10yr,No defect,School areas,Two-way (divided with broken lines road marking),Tangent road with flat terrain,Crossing,Asphalt roads,Dry,Daylight,Normal,Vehicle with vehicle collision,2,1,Going straight,Driver or rider,Male,18-30,3,Driver,Normal,Not a Pedestrian,Changing lane to the left,Serious Injury,1,0.0,0.0,0.0,1.0,25920,Pagi,0.16666666666666666,-0.5442638586190858,3,0.3,0.2592
7:12:00,Tuesday,31-50,Unknown,High school,Owner,5-10yr,Automobile,Owner,1-2yr,No defect,Other,Two-way (divided with broken lines road marking),Tangent road with flat terrain,Crossing,Gravel roads,Dry,Daylight,Normal,Vehicle with vehicle collision,2,1,Going straight,Pedestrian,Male,31-50,2,Driver,Normal,Not a Pedestrian,No priority to pedestrian,Serious Injury,2,0.0,0.0,1.0,1.0,25920,Pagi,0.16666666666666666,-0.5442638586190858,2,0.2,0.2592
9:53:00,Tuesday,18-30,Male,Elementary school,Employee,2-5yr,Other,Owner,Above 10yr,No defect,Other,Two-way (divided with broken lines road marking),Tangent road with flat terrain,Crossing,Asphalt roads,Dry,Daylight,Normal,Vehicle with vehicle collision,3,1,Going straight,na,na,na,na,Driver,Normal,Not a Pedestrian,No distancing,Slight Injury,1,0.0,0.0,1.0,0.0,35580,Pagi,0.33333333333333337,-0.5442638586190858,0,0.0,0.3558
9:53:00,Tuesday,Under 18,Male,Junior high school,Employee,5-10yr,Lorry (41?100Q),Owner,Below 1yr,No defect,Other,Undivided Two way,Tangent road with flat terrain,Crossing,Asphalt roads,Dry,Daylight,Normal,Vehicle with vehicle collision,3,1,Going straight,Driver or rider,Female,18-30,3,Driver,Normal,Not a Pedestrian,No distancing,Slight Injury,1,0.0,0.0,1.0,0.0,35580,Pagi,0.33333333333333337,-0.5442638586190858,3,0.3,0.3558
9:53:00,Tuesday,Unknown,Female,Junior high school,Employee,5-10yr,Lorry (41?100Q),Owner,Above 10yr,No defect,Other,Two-way (divided with broken lines road marking),Tangent road with flat terrain,Crossing,Asphalt roads,Dry,Daylight,Normal,Vehicle with vehicle collision,3,1,Moving Backward,Pedestrian,Male,5,3,Self-employed,Normal,Crossing from offside - masked by  parked or statioNot a Pedestrianry vehicle,Changing lane to the left,Slight Injury,0,0.0,0.0,1.0,0.0,35580,Pagi,0.33333333333333337,-0.5442638586190858,3,0.3,0.3558
9:12:00,Wednesday,Over 51,Male,High school,Owner,1-2yr,Lorry (41?100Q),Owner,Unknown,No defect,Residential areas,Undivided Two way,Tangent road with flat terrain,Crossing,Asphalt roads,Dry,Daylight,Normal,Vehicle with vehicle collision,1,1,Going straight,na,na,na,na,Driver,Normal,Not a Pedestrian,No distancing,Slight Injury,1,0.0,0.0,1.0,0.0,33120,Pagi,0.0,-0.5442638586190858,0,0.0,0.3312
15:28:00,Wednesday,31-50,Male,Junior high school,Employee,1-2yr,Stationwagen,Governmental,1-2yr,No defect,Other,Undivided Two way,Tangent road with flat terrain,No junction,Asphalt roads,Dry,Daylight,Normal,Vehicle with vehicle collision,1,1,Other,Driver or rider,Male,31-50,3,Driver,Normal,Not a Pedestrian,Changing lane to the left,Slight Injury,1,0.0,0.0,0.0,0.0,55680,Sore,0.0,-0.5442638586190858,3,0.3,0.5568
17:30:00,Wednesday,Over 51,Male,Junior high school,Employee,1-2yr,Lorry (41?100Q),Owner,1-2yr,No defect,Other,Undivided Two way,Tangent road with flat terrain,Y Shape,Asphalt roads,Dry,Daylight,Normal,Vehicle with vehicle collision,1,1,Going straight,na,na,na,na,Driver,Normal,Not a Pedestrian,No distancing,Slight Injury,1,0.0,0.0,1.0,0.0,63000,Sore,0.0,-0.5442638586190858,0,0.0,0.63
18:15:00,Wednesday,18-30,Male,Junior high school,Employee,Above 10yr,Automobile,Owner,Unknown,No defect, Industrial areas,Undivided Two way,Tangent road with flat terrain,Y Shape,Asphalt roads,Dry,Darkness - lights lit,Normal,Vehicle with vehicle collision,2,1,Going straight,Driver or rider,Male,Under 18,3,Driver,Normal,Not a Pedestrian,No distancing,Slight Injury,1,0.0,0.0,1.0,0.0,65700,Malam,0.16666666666666666,-0.5442638586190858,3,0.3,0.657
18:15:00,Wednesday,18-30,Male,Junior high school,Employee,1-2yr,Automobile,Owner,Unknown,No defect,  Recreational areas,Undivided Two way,Tangent road with flat terrain,Y Shape,Asphalt roads,Dry,Darkness - lights lit,Normal,Vehicle with vehicle collision,2,1,Going straight,na,na,na,na,Driver,Normal,Not a Pedestrian,No distancing,Slight Injury,1,0.0,0.0,1.0,0.0,65700,Malam,0.16666666666666666,-0.5442638586190858,0,0.0,0.657
18:40:00,Wednesday,18-30,Male,High school,Owner,Above 10yr,Pick up upto 10Q,Owner,Above 10yr,No defect, Church areas,Two-way (divided with broken lines road marking),Tangent road with flat terrain,Crossing,Asphalt roads,Dry,Darkness - lights lit,Normal,Collision with roadside objects,2,1,Going straight,Driver or rider,Male,Under 18,3,Driver,Normal,Not a Pedestrian,Changing lane to the left,Slight Injury,1,0.0,0.0,1.0,0.0,67200,Malam,0.16666666666666666,-0.5442638586190858,3,0.3,0.672
18:40:00,Wednesday,18-30,Male,Junior high school,Employee,Above 10yr,Taxi,Owner,Unknown,No defect,Office areas,Two-way (divided with broken lines road marking),Tangent road with flat terrain,Crossing,Asphalt roads,Dry,Darkness - lights lit,Normal,Vehicle with vehicle collision,2,1,Going straight,na,na,na,na,Self-employed,NormalNormal,Not a Pedestrian,Changing lane to the right,Slight Injury,1,0.0,0.0,1.0,0.0,67200,Malam,0.16666666666666666,-0.5442638586190858,0,0.0,0.672
12:40:00,Friday,31-50,Male,Junior high school,Employee,1-2yr,Automobile,Owner,Unknown,No defect,Other,Two-way (divided with broken lines road marking),Tangent road with flat terrain,No junction,Asphalt roads,Dry,Daylight,Normal,Vehicle with vehicle collision,1,1,Moving Backward,Driver or rider,Female,18-30,3,Driver,Normal,Not a Pedestrian,Moving Backward,Slight Injury,1,0.0,0.0,1.0,0.0,45600,Siang,0.0,-0.5442638586190858,3,0.3,0.456
8:00:00,Friday,Over 51,Male,Junior high school,Employee,1-2yr,Automobile,Owner,Unknown,No defect,Office areas,Undivided Two way,Tangent road with flat terrain,No junction,Asphalt roads,Dry,Daylight,Normal,Vehicle with vehicle collision,2,1,Going straight,Pedestrian,Female,18-30,2,Driver,Normal,Unknown or other,Changing lane to the right,Slight Injury,1,0.0,0.0,1.0,0.0,28800,Pagi,0.16666666666666666,-0.5442638586190858,2,0.2,0.288
8:00:00,Friday,18-30,Male,High school,Employee,2-5yr,Automobile,Owner,Unknown,No defect,Office areas,Two-way (divided with broken lines road marking),Tangent road with flat terrain,No junction,Asphalt roads,Dry,Daylight,Normal,Vehicle with vehicle collision,2,1,Going straight,Driver or rider,Male,18-30,3,Other,Normal,Not a Pedestrian,No distancing,Slight Injury,1,0.0,0.0,1.0,0.0,28800,Pagi,0.16666666666666666,-0.5442638586190858,3,0.3,0.288
13:41:00,Thursday,31-50,Male,Junior high school,Employee,2-5yr,Long lorry,Owner,Unknown,No defect,Other,Two-way (divided with broken lines road marking),Tangent road with flat terrain,No junction,Earth roads,Dry,Daylight,Normal,Collision with pedestrians,1,1,Going straight,na,na,na,na,Driver,Normal,Not a Pedestrian,Overtaking,Slight Injury,1,0.0,0.0,1.0,0.0,49260,Siang,0.0,-0.5442638586190858,0,0.0,0.4926
15:45:00,Thursday,18-30,Male,Junior high school,Employee,1-2yr,Public (12 seats),Owner,Above 10yr,No defect,Residential areas,Undivided Two way,Tangent road with flat terrain,No junction,Asphalt roads,Dry,Daylight,Normal,Vehicle with vehicle collision,2,2,Going straight,na,na,na,na,Driver,Normal,Not a Pedestrian,Other,Slight Injury,1,0.0,0.0,1.0,0.0,56700,Sore,0.16666666666666666,0.44864884805439376,0,0.0,0.567
15:45:00,Thursday,31-50,Male,Elementary school,Employee,5-10yr,Pick up upto 10Q,Owner,Above 10yr,No defect,Office areas,other,Tangent road with mountainous terrain and,No junction,Asphalt roads,Dry,Daylight,Normal,Vehicle with vehicle collision,2,2,Going straight,Passenger,Female,18-30,3,Other,Normal,Not a Pedestrian,Other,Slight Injury,1,0.0,0.0,1.0,0.0,56700,Sore,0.16666666666666666,0.44864884805439376,3,0.3,0.567
10:55:00,Thursday,31-50,Male,Junior high school,Employee,5-10yr,Automobile,Owner,Above 10yr,No defect,Residential areas,other,Tangent road with flat terrain,Y Shape,Asphalt roads,Dry,Daylight,Normal,Vehicle with vehicle collision,1,1,Going straight,Pedestrian,Female,31-50,3,Driver,Normal,Unknown or other,Changing lane to the right,Slight Injury,1,0.0,0.0,1.0,0.0,39300,Siang,0.0,-0.5442638586190858,3,0.3,0.393
10:35:00,Friday,31-50,Male,Junior high school,Employee,1-2yr,Other,Owner,Unknown,No defect,School areas,Two-way (divided with broken lines road marking),Tangent road with flat terrain,Y Shape,Asphalt roads,Dry,Daylight,Normal,Vehicle with vehicle collision,2,1,Going straight,na,na,na,na,Driver,Normal,Not a Pedestrian,No priority to pedestrian,Slight Injury,1,0.0,0.0,1.0,0.0,38100,Siang,0.16666666666666666,-0.5442638586190858,0,0.0,0.381
10:35:00,Friday,31-50,Male,Elementary school,Other,5-10yr,Lorry (41?100Q),Owner,Above 10yr,No defect,Office areas,Two-way (divided with broken lines road marking),Sharp reverse curve,Y Shape,Earth roads,Dry,Daylight,Normal,Vehicle with vehicle collision,2,1,Going straight,Driver or rider,Female,18-30,3,Driver,Normal,Not a Pedestrian,No priority to vehicle,Slight Injury,1,0.0,0.0,1.0,0.0,38100,Siang,0.16666666666666666,-0.5442638586190858,3,0.3,0.381
10:18:00,Friday,18-30,Male,Junior high school,Employee,2-5yr,Automobile,Owner,5-10yrs,No defect,Other,other,Tangent road with flat terrain,Y Shape,Asphalt roads,Dry,Daylight,Normal,Vehicle with vehicle collision,1,1,Going straight,Driver or rider,Male,Over 51,3,Driver,Normal,Not a Pedestrian,Changing lane to the left,Slight Injury,1,0.0,0.0,1.0,0.0,37080,Siang,0.0,-0.5442638586190858,3,0.3,0.3708
11:30:00,Friday,31-50,Male,Elementary school,Employee,5-10yr,Pick up upto 10Q,Owner,Above 10yr,No defect,Other,Undivided Two way,Tangent road with flat terrain,No junction,Asphalt roads,Dry,Daylight,Normal,Vehicle with vehicle collision,3,1,Going straight,na,na,na,na,Driver,Normal,Not a Pedestrian,Changing lane to the left,Slight Injury,1,0.0,0.0,1.0,0.0,41400,Siang,0.33333333333333337,-0.5442638586190858,0,0.0,0.414
11:30:00,Friday,31-50,Male,Junior high school,Employee,Above 10yr,Lorry (41?100Q),Owner,Above 10yr,No defect, Church areas,other,Tangent road with flat terrain,No junction,Earth roads,Dry,Daylight,Normal,Vehicle with vehicle collision,3,1,Going straight,Passenger,Female,Over 51,3,Driver,Normal,Not a Pedestrian,Overtaking,Slight Injury,1,0.0,0.0,1.0,0.0,41400,Siang,0.33333333333333337,-0.5442638586190858,3,0.3,0.414
11:30:00,Friday,Unknown,Female,Junior high school,Employee,Above 10yr,Lorry (41?100Q),Owner,Unknown,No defect,Office areas,Two-way (divided with broken lines road marking),Tangent road with flat terrain,No junction,Asphalt roads,Dry,Daylight,Normal,Collision with pedestrians,3,1,Other,Driver or rider,Male,18-30,3,Driver,Normal,Not a Pedestrian,No distancing,Slight Injury,0,0.0,0.0,1.0,0.0,41400,Siang,0.33333333333333337,-0.5442638586190858,3,0.3,0.414
15:45:00,Friday,18-30,Male,Elementary school,Owner,2-5yr,Long lorry,Owner,Unknown,No defect,Other,Two-way (divided with broken lines road marking),Tangent road with flat terrain,No junction,Asphalt roads,Dry,Daylight,Normal,Vehicle with vehicle collision,1,1,Going straight,Driver or rider,Male,18-30,3,Driver,Normal,Not a Pedestrian,No priority to vehicle,Slight Injury,1,0.0,0.0,1.0,0.0,56700,Sore,0.0,-0.5442638586190858,3,0.3,0.567
14:10:00,Friday,Unknown,Male,Elementary school,Employee,5-10yr,Public (> 45 seats),Owner,Unknown,No defect,Office areas,Two-way (divided with broken lines road marking),Tangent road with mild grade and flat terrain,Other,Asphalt roads,Dry,Daylight,Normal,Vehicle with vehicle collision,1,1,Going straight,Pedestrian,Male,31-50,2,Driver,Normal,Not a Pedestrian,Changing lane to the right,Slight Injury,1,0.0,0.0,1.0,0.0,51000,Sore,0.0,-0.5442638586190858,2,0.2,0.51
17:15:00,Friday,Unknown,Male,Junior high school,Owner,1-2yr,Public (> 45 seats),Owner,Unknown,No defect,Office areas,Two-way (divided with broken lines road marking),Tangent road with flat terrain,Y Shape,Asphalt roads,Dry,Daylight,Normal,Vehicle with vehicle collision,1,1,Going straight,Driver or rider,Female,18-30,3,Driver,Normal,Not a Pedestrian,Changing lane to the left,Slight Injury,1,0.0,0.0,1.0,0.0,62100,Sore,0.0,-0.5442638586190858,3,0.3,0.621
6:55:00,Saturday,31-50,Male,Elementary school,Employee,Above 10yr,Automobile,Owner,Above 10yr,No defect,Office areas,Two-way (divided with broken lines road marking),Sharp reverse curve,Y Shape,Asphalt roads,Dry,Daylight,Normal,Vehicle with vehicle collision,2,1,Going straight,na,na,na,na,Driver,Normal,Not a Pedestrian,No distancing,Slight Injury,1,0.0,0.0,1.0,0.0,24900,Pagi,0.16666666666666666,-0.5442638586190858,0,0.0,0.249
6:55:00,Saturday,31-50,Male,Junior high school,Employee,5-10yr,Automobile,Owner,Above 10yr,No defect, Church areas,Undivided Two way,Sharp reverse curve,Y Shape,Asphalt roads,Dry,Daylight,Normal,Collision with roadside objects,2,1,Going straight,Pedestrian,Male,31-50,3,Other,Normal,Crossing from nearside - masked by parked or statioNot a Pedestrianry vehicle,Driving carelessly,Slight Injury,1,0.0,0.0,1.0,0.0,24900,Pagi,0.16666666666666666,-0.5442638586190858,3,0.3,0.249
8:42:00,Saturday,Over 51,Male,Junior high school,Employee,2-5yr,Automobile,Owner,Above 10yr,No defect,Office areas,Undivided Two way,Gentle horizontal curve,No junction,Asphalt roads,Dry,Daylight,Normal,Vehicle with vehicle collision,2,1,Going straight,na,na,na,na,Self-employed,Normal,Not a Pedestrian,No priority to pedestrian,Slight Injury,1,0.0,0.0,1.0,0.0,31320,Pagi,0.16666666666666666,-0.5442638586190858,0,0.0,0.3132
8:42:00,Saturday,31-50,Male,Elementary school,Employee,Above 10yr,Other,Owner,5-10yrs,No defect,Other,Double carriageway (median),Gentle horizontal curve,No junction,Asphalt roads,Dry,Daylight,Normal,Vehicle with vehicle collision,2,1,Moving Backward,Driver or rider,Male,5,3,Driver,Normal,Not a Pedestrian,Driving carelessly,Slight Injury,1,0.0,0.0,1.0,0.0,31320,Pagi,0.16666666666666666,-0.5442638586190858,3,0.3,0.3132
14:52:00,Saturday,Over 51,Male,Junior high school,Employee,2-5yr,Public (12 seats),Owner,Unknown,No defect,Other,Two-way (divided with broken lines road marking),Tangent road with flat terrain,Crossing,Asphalt roads,Dry,Daylight,Normal,Vehicle with vehicle collision,2,1,Going straight,Driver or rider,Male,18-30,2,Student,Normal,Not a Pedestrian,Moving Backward,Slight Injury,1,0.0,0.0,1.0,0.0,53520,Sore,0.16666666666666666,-0.5442638586190858,2,0.2,0.5352
14:52:00,Saturday,18-30,Male,Elementary school,Employee,Above 10yr,Automobile,Owner,5-10yrs,No defect, Church areas,Unknown,Tangent road with mountainous terrain and,Crossing,Asphalt roads,Dry,Daylight,Normal,Vehicle with vehicle collision,2,1,Going straight,Driver or rider,Male,5,3,Other,Normal,Not a Pedestrian,No distancing,Slight Injury,1,0.0,0.0,1.0,0.0,53520,Sore,0.16666666666666666,-0.5442638586190858,3,0.3,0.5352
1:50:00,Sunday,18-30,Male,Junior high school,Employee,Above 10yr,Stationwagen,Owner,1-2yr,No defect,School areas,Undivided Two way,Tangent road with flat terrain,Y Shape,Asphalt roads,Dry,Darkness - lights lit,Normal,Vehicle with vehicle collision,2,1,Going straight,Pedestrian,Male,Over 51,3,Driver,Normal,Not a Pedestrian,No distancing,Slight Injury,1,0.0,0.0,1.0,0.0,6600,Malam,0.16666666666666666,-0.5442638586190858,3,0.3,0.066
1:50:00,Sunday,Unknown,Male,Junior high school,Employee,2-5yr,Automobile,Owner,Unknown,No defect, Church areas,Two-way (divided with broken lines road marking),Tangent road with flat terrain,Y Shape,Asphalt roads,Dry,Darkness - lights lit,Normal,Vehicle with vehicle collision,2,1,Going straight,na,na,na,na,Other,Normal,Not a Pedestrian,No distancing,Slight Injury,1,0.0,0.0,1.0,0.0,6600,Malam,0.16666666666666666,-0.5442638586190858,0,0.0,0.066
23:45:00,Saturday,18-30,Male,Junior high school,Employee,Above 10yr,Automobile,Owner,Above 10yr,No defect,Office areas,Undivided Two way,Tangent road with flat terrain,No junction,Asphalt roads with some distress,Dry,Darkness - lights lit,Normal,Vehicle with vehicle collision,2,1,Going straight,Driver or rider,Male,5,3,Driver,Normal,Not a Pedestrian,Changing lane to the left,Slight Injury,1,0.0,0.0,1.0,0.0,85500,Malam,0.16666666666666666,-0.5442638586190858,3,0.3,0.855
23:45:00,Saturday,18-30,Male,Junior high school,Employee,Above 10yr,Automobile,Owner,2-5yrs,No defect,Other,other,Tangent road with flat terrain,No junction,Asphalt roads,Dry,Darkness - lights lit,Normal,Collision with roadside objects,2,1,Going straight,na,na,na,na,Other,Normal,Not a Pedestrian,Changing lane to the left,Slight Injury,1,0.0,0.0,1.0,0.0,85500,Malam,0.16666666666666666,-0.5442638586190858,0,0.0,0.855
12:15:00,Sunday,Over 51,Male,Junior high school,Employee,Below 1yr,Automobile,Owner,Above 10yr,No defect, Church areas,Two-way (divided with broken lines road marking),Steep grade upward with mountainous terrain,Y Shape,Asphalt roads,Dry,Daylight,Normal,Vehicle with vehicle collision,2,2,Going straight,Driver or rider,Male,18-30,3,Driver,Normal,Not a Pedestrian,Moving Backward,Slight Injury,1,0.0,0.0,1.0,0.0,44100,Siang,0.16666666666666666,0.44864884805439376,3,0.3,0.441
12:15:00,Sunday,Unknown,Male,Junior high school,Owner,Above 10yr,Automobile,Governmental,1-2yr,No defect,Other,Double carriageway (median),Tangent road with flat terrain,Y Shape,Asphalt roads,Dry,Daylight,Normal,Vehicle with vehicle collision,2,2,Going straight,Pedestrian,Female,31-50,2,Driver,Normal,Not a Pedestrian,Changing lane to the right,Slight Injury,1,0.0,0.0,0.0,0.0,44100,Siang,0.16666666666666666,0.44864884805439376,2,0.2,0.441
19:15:00,Sunday,Unknown,Male,High school,Other,Above 10yr,Pick up upto 10Q,Governmental,Above 10yr,No defect,Other,Double carriageway (median),Tangent road with flat terrain,Crossing,Asphalt roads,Dry,Darkness - lights lit,Normal,Vehicle with vehicle collision,1,1,Going straight,na,na,na,na,Driver,Normal,Not a Pedestrian,No priority to vehicle,Slight Injury,1,0.0,0.0,0.0,0.0,69300,Malam,0.0,-0.5442638586190858,0,0.0,0.693
21:33:00,Friday,Unknown,Female,Junior high school,Employee,5-10yr,Turbo,Organization,5-10yrs,No defect,Office areas,Two-way (divided with broken lines road marking),Gentle horizontal curve,Crossing,Asphalt roads,Dry,Darkness - lights lit,Normal,Vehicle with vehicle collision,2,1,Going straight,Driver or rider,Male,5,3,Self-employed,Normal,Not a Pedestrian,Moving Backward,Slight Injury,0,1.0,0.0,0.0,0.0,77580,Malam,0.16666666666666666,-0.5442638586190858,3,0.3,0.7758