Time,Day_of_week,Age_band_of_driver,Sex_of_driver,Educational_level,Vehicle_driver_relation,Driving_experience,Type_of_vehicle,Owner_of_vehicle,Service_year_of_vehicle,Defect_of_vehicle,Area_accident_occured,Lanes_or_Medians,Road_allignment,Types_of_Junction,Road_surface_type,Road_surface_conditions,Light_conditions,Weather_conditions,Type_of_collision,Number_of_vehicles_involved,Number_of_casualties,Vehicle_movement,Casualty_class,Sex_of_casualty,Age_band_of_casualty,Casualty_severity,Work_of_casuality,Fitness_of_casuality,Pedestrian_movement,Cause_of_accident,Accident_severity,Sex_of_driver_encoded,Owner_of_vehicle_Organization,Owner_of_vehicle_Other,Owner_of_vehicle_Owner,Accident_severity_encoded,Time_seconds,Time_binned,Number_of_vehicles_scaled,Number_of_casualties_scaled,Casualty_severity_numeric,Casualty_severity_decimal_scaled,Time_scaled
15:30:00,Thursday,Over 51,Male,Junior high school,Employee,2-5yr,Automobile,Governmental,Unknown,No defect,Office areas,Two-way (divided with broken lines road marking),Tangent road with flat terrain,Y Shape,Asphalt roads,Dry,Daylight,Normal,Vehicle with vehicle collision,2,1,Going straight,Driver or rider,Male,18-30,3,Driver,Normal,Not a Pedestrian,No distancing,Slight Injury,1,0.0,0.0,0.0,0.0,55800,Sore,0.16666666666666666,-0.5442638586190858,3,0.3,0.558
15:30:00,Thursday,18-30,Male,Elementary school,Employee,Above 10yr,Other,Governmental,Unknown,No defect,Residential areas,Two-way (divided with broken lines road marking),Tangent road with flat terrain,Y Shape,Asphalt roads,Dry,Daylight,Normal,Collision with pedestrians,2,1,Going straight,Pedestrian,Male,Under 18,3,Driver,Normal,Not a Pedestrian,No priority to vehicle,Slight Injury,1,0.0,0.0,0.0,0.0,55800,Sore,0.16666666666666666,-0.5442638586190858,3,0.3,0.558
22:00:00,Saturday,Unknown,Male,Junior high school,Employee,2-5yr,Public (12 seats),Owner,Unknown,No defect,School areas,Two-way (divided with broken lines road marking),Tangent road with flat terrain,No junction,Asphalt roads,Wet or damp,Darkness - lights lit,Raining,Vehicle with vehicle collision,3,1,Turnover,Pedestrian,Male,31-50,3,Self-employed,Normal,"In carriageway, statioNot a Pedestrianry - not crossing  (standing or playing)",Changing lane to the right,Slight Injury,1,0.0,0.0,1.0,0.0,79200,Malam,0.33333333333333337,-0.5442638586190858,3,0.3,0.792
22:00:00,Saturday,18-30,Male,Elementary school,Employee,Above 10yr,Stationwagen,Owner,Unknown,No defect,Office areas,Undivided Two way,Tangent road with flat terrain,No junction,Asphalt roads,Wet or damp,Darkness - lights lit,Raining,Collision with roadside objects,3,1,Going straight,Driver or rider,Male,18-30,3,Driver,Normal,Not a Pedestrian,Changing lane to the left,Slight Injury,1,0.0,0.0,1.0,0.0,79200,Malam,0.33333333333333337,-0.5442638586190858,3,0.3,0.792
22:00:00,Saturday,Unknown,Male,Junior high school,Employee,Above 10yr,Lorry (41?100Q),Owner,5-10yrs,No defect,Other,Undivided Two way,Tangent road with flat terrain,No junction,Asphalt roads,Wet or damp,Darkness - lights lit,Raining,Vehicle with vehicle collision,3,1,Going straight,na,na,na,na,Driver,Normal,Not a Pedestrian,No distancing,Slight Injury,1,0.0,0.0,1.0,0.0,79200,Malam,0.33333333333333337,-0.5442638586190858,0,0.0,0.792
22:00:00,Saturday,Unknown,Male,Junior high school,Employee,2-5yr,Lorry (41?100Q),Owner,Unknown,No defect,Other,Double carriageway (median),Tangent road with flat terrain,No junction,Asphalt roads,Wet or damp,Darkness - lights lit,Raining,Vehicle with vehicle collision,3,1,Going straight,na,na,na,na,Driver,Normal,Not a Pedestrian,Driving carelessly,Slight Injury,1,0.0,0.0,1.0,0.0,79200,Malam,0.33333333333333337,-0.5442638586190858,0,0.0,0.792
22:00:00,Saturday,Unknown,Male,Junior high school,Employee,Above 10yr,Lorry (41?100Q),Governmental,Unknown,No defect,Other,Double carriageway (median),Tangent road with flat terrain,No junction,Asphalt roads,Wet or damp,Darkness - lights lit,Raining,Vehicle with vehicle collision,3,1,Going straight,Driver or rider,Male,18-30,3,Driver,Normal,Not a Pedestrian,No priority to pedestrian,Slight Injury,1,0.0,0.0,0.0,0.0,79200,Malam,0.33333333333333337,-0.5442638586190858,3,0.3,0.792
21:55:00,Saturday,18-30,Male,Junior high school,Employee,Above 10yr,Automobile,Owner,5-10yrs,No defect,Other,Two-way (divided with broken lines road marking),Tangent road with flat terrain,Crossing,Asphalt roads with some distress,Wet or damp,Darkness - lights lit,Raining,Vehicle with vehicle collision,2,3,Going straight,na,na,na,na,Driver,Normal,Not a Pedestrian,Driving carelessly,Slight Injury,1,0.0,0.0,1.0,0.0,78900,Malam,0.16666666666666666,1.4415615547278733,0,0.0,0.789
21:55:00,Saturday,31-50,Male,Junior high school,Employee,Below 1yr,Lorry (41?100Q),Owner,Unknown,No defect,Office areas,Double carriageway (median),Tangent road with mild grade and flat terrain,Crossing,Asphalt roads,Wet or damp,Darkness - lights lit,Raining,Vehicle with vehicle collision,2,3,Moving Backward,Driver or rider,Male,18-30,3,Self-employed,Normal,Not a Pedestrian,Moving Backward,Slight Injury,1,0.0,0.0,1.0,0.0,78900,Malam,0.16666666666666666,1.4415615547278733,3,0.3,0.789
21:55:00,Saturday,31-50,Male,Junior high school,Owner,Above 10yr,Automobile,Owner,Unknown,No defect,Office areas,Two-way (divided with broken lines road marking),Tangent road with flat terrain,Crossing,Asphalt roads,Wet or damp,Darkness - lights lit,Raining,Rollover,2,3,Going straight,na,na,na,na,Driver,Normal,Not a Pedestrian,No distancing,Slight Injury,1,0.0,0.0,1.0,0.0,78900,Malam,0.16666666666666666,1.4415615547278733,0,0.0,0.789
12:19:00,Friday,31-50,Male,High school,Other,Above 10yr,Public (12 seats),Owner,Unknown,No defect,Office areas,Two-way (divided with broken lines road marking),Tangent road with mild grade and flat terrain,No junction,Asphalt roads,Dry,Daylight,Normal,Collision with roadside objects,2,1,Going straight,Driver or rider,Male,18-30,3,Driver,Normal,Not a Pedestrian,No distancing,Slight Injury,1,0.0,0.0,1.0,0.0,44340,Siang,0.16666666666666666,-0.5442638586190858,3,0.3,0.4434
12:19:00,Friday,31-50,Male,Junior high school,Employee,5-10yr,Automobile,Owner,Unknown,No defect,Office areas,Two-way (divided with broken lines road marking),Tangent road with mild grade and flat terrain,No junction,Asphalt roads,Dry,Daylight,Normal,Vehicle with vehicle collision,2,1,Turnover,Driver or rider,Male,18-30,2,Self-employed,Normal,Not a Pedestrian,No distancing,Slight Injury,1,0.0,0.0,1.0,0.0,44340,Siang,0.16666666666666666,-0.5442638586190858,2,0.2,0.4434
14:11:00,Monday,Over 51,Male,Elementary school,Employee,5-10yr,Stationwagen,Owner,Unknown,No defect,Office areas,One way,Tangent road with flat terrain,Y Shape,Gravel roads,Wet or damp,Daylight,Raining,Vehicle with vehicle collision,2,1,Going straight,Passenger,Female,Over 51,3,Self-employed,Normal,Not a Pedestrian,Changing lane to the left,Slight Injury,1,0.0,0.0,1.0,0.0,51060,Sore,0.16666666666666666,-0.5442638586190858,3,0.3,0.5106
14:11:00,Monday,31-50,Male,Junior high school,Employee,5-10yr,Automobile,Owner,Unknown,No defect,Office areas,Two-way (divided with broken lines road marking),Tangent road with flat terrain,Y Shape,Asphalt roads,Wet or damp,Daylight,Raining,Collision with roadside objects,2,1,Going straight,Driver or rider,Male,31-50,3,Driver,Normal,Not a Pedestrian,Changing lane to the left,Slight Injury,1,0.0,0.0,1.0,0.0,51060,Sore,0.16666666666666666,-0.5442638586190858,3,0.3,0.5106
17:10:00,Sunday,Unknown,Male,Junior high school,Employee,5-10yr,Lorry (41?100Q),Owner,Unknown,No defect,Office areas,Two-way (divided with broken lines road marking),Tangent road with flat terrain,No junction,Asphalt roads,Wet or damp,Daylight,Normal,Vehicle with vehicle collision,2,2,Going straight,na,na,na,na,Self-employed,Normal,Not a Pedestrian,Moving Backward,Slight Injury,1,0.0,0.0,1.0,0.0,61800,Sore,0.16666666666666666,0.44864884805439376,0,0.0,0.618
17:10:00,Sunday,Under 18,Male,Junior high school,Owner,Below 1yr,Other,Owner,5-10yrs,No defect,Other,Undivided Two way,Tangent road with flat terrain,No junction,Asphalt roads,Wet or damp,Daylight,Normal,Vehicle with vehicle collision,2,2,Going straight,Driver or rider,Male,31-50,3,Driver,Normal,Not a Pedestrian,Changing lane to the right,Slight Injury,1,0.0,0.0,1.0,0.0,61800,Sore,0.16666666666666666,0.44864884805439376,3,0.3,0.618
17:10:00,Sunday,Under 18,Male,Junior high school,Employee,5-10yr,Pick up upto 10Q,Owner,Unknown,No defect,Other,Two-way (divided with broken lines road marking),Tangent road with flat terrain,No junction,Asphalt roads,Wet or damp,Daylight,Normal,Vehicle with vehicle collision,2,2,Going straight,na,na,na,na,Driver,Normal,Not a Pedestrian,No priority to vehicle,Slight Injury,1,0.0,0.0,1.0,0.0,61800,Sore,0.16666666666666666,0.44864884805439376,0,0.0,0.618
12:56:00,Wednesday,Unknown,Male,Elementary school,Employee,2-5yr,Automobile,Owner,2-5yrs,No defect,Residential areas,Two-way (divided with broken lines road marking),Tangent road with flat terrain,Y Shape,Asphalt roads,Dry,Daylight,Normal,Vehicle with vehicle collision,2,1,Going straight,na,na,na,na,Driver,Normal,Not a Pedestrian,Moving Backward,Slight Injury,1,0.0,0.0,1.0,0.0,46560,Siang,0.16666666666666666,-0.5442638586190858,0,0.0,0.4656
12:56:00,Wednesday,31-50,Male,Junior high school,Owner,2-5yr,Lorry (41?100Q),Owner,Unknown,No defect,Other,Two-way (divided with broken lines road marking),Tangent road with flat terrain,Y Shape,Asphalt roads,Dry,Daylight,Normal,Vehicle with vehicle collision,2,1,Moving Backward,Driver or rider,Male,Under 18,3,Self-employed,Normal,Not a Pedestrian,Driving carelessly,Slight Injury,1,0.0,0.0,1.0,0.0,46560,Siang,0.16666666666666666,-0.5442638586190858,3,0.3,0.4656
7:50:00,Friday,18-30,Male,Elementary school,Employee,2-5yr,Automobile,Owner,5-10yrs,No defect,Other,Two-way (divided with broken lines road marking),Tangent road with flat terrain,No junction,Asphalt roads,Dry,Daylight,Normal,Vehicle with vehicle collision,2,1,Going straight,Pedestrian,Female,Over 51,3,Driver,Normal,Unknown or other,Driving carelessly,Slight Injury,1,0.0,0.0,1.0,0.0,28200,Pagi,0.16666666666666666,-0.5442638586190858,3,0.3,0.282
7:50:00,Friday,31-50,Male,Junior high school,Owner,2-5yr,Public (13?45 seats),Governmental,Unknown,No defect,Other,Two-way (divided with broken lines road marking),Tangent road with flat terrain,No junction,Asphalt roads,Dry,Daylight,Normal,Collision with pedestrians,2,1,Going straight,Passenger,Female,31-50,3,Employee,Normal,Not a Pedestrian,Driving under the influence of drugs,Slight Injury,1,0.0,0.0,0.0,0.0,28200,Pagi,0.16666666666666666,-0.5442638586190858,3,0.3,0.282
8:00:00,Tuesday,Over 51,Male,Junior high school,Employee,Above 10yr,Automobile,Owner,5-10yrs,No defect,Other,Undivided Two way,Tangent road with flat terrain,Other,Asphalt roads,Dry,Daylight,Normal,Vehicle with vehicle collision,2,1,Going straight,na,na,na,na,Driver,Normal,Not a Pedestrian,No priority to pedestrian,Slight Injury,1,0.0,0.0,1.0,0.0,28800,Pagi,0.16666666666666666,-0.5442638586190858,0,0.0,0.288
8:00:00,Tuesday,Unknown,Female,Junior high school,Employee,2-5yr,Lorry (41?100Q),Owner,Unknown,No defect, Industrial areas,Undivided Two way,Tangent road with flat terrain,Other,Earth roads,Dry,Daylight,Normal,Collision with roadside objects,2,1,Going straight,Driver or rider,Female,31-50,3,Driver,Normal,Not a Pedestrian,No priority to vehicle,Slight Injury,0,0.0,0.0,1.0,0.0,28800,Pagi,0.16666666666666666,-0.5442638586190858,3,0.3,0.288
8:50:00,Wednesday,18-30,Male,Junior high school,Employee,1-2yr,Public (12 seats),Owner,5-10yrs,No defect, Industrial areas,Undivided Two way,Tangent road with flat terrain,Y Shape,Asphalt roads,Dry,Daylight,Normal,Vehicle with vehicle collision,1,1,Moving Backward,Passenger,Male,31-50,3,Driver,Normal,Not a Pedestrian,Driving carelessly,Serious Injury,1,0.0,0.0,1.0,1.0,31800,Pagi,0.0,-0.5442638586190858,3,0.3,0.318
17:09:00,Saturday,31-50,Male,Junior high school,Employee,2-5yr,Motorcycle,Owner,Unknown,No defect, Church areas,Double carriageway (median),Tangent road with flat terrain,No junction,Asphalt roads,Dry,Daylight,Normal,Vehicle with vehicle collision,1,1,Going straight,Passenger,Female,Under 18,3,Driver,Normal,Not a Pedestrian,Moving Backward,Slight Injury,1,0.0,0.0,1.0,0.0,61740,Sore,0.0,-0.5442638586190858,3,0.3,0.6174
14:43:00,Thursday,31-50,Male,Junior high school,Employee,1-2yr,Public (12 seats),Owner,Unknown,No defect,Other,Undivided Two way,Tangent road with flat terrain,No junction,Asphalt roads,Wet or damp,Daylight,Raining,Vehicle with vehicle collision,2,1,Other,na,na,na,na,Driver,Normal,Not a Pedestrian,Driving carelessly,Slight Injury,1,0.0,0.0,1.0,0.0,52980,Sore,0.16666666666666666,-0.5442638586190858,0,0.0,0.5298
14:43:00,Thursday,31-50,Male,Junior high school,Employee,5-10yr,Lorry (41?100Q),Owner,Above 10yr,No defect,Other,Undivided Two way,Tangent road with flat terrain,No junction,Asphalt roads,Wet or damp,Daylight,Raining,Vehicle with vehicle collision,2,1,Other,Driver or rider,Female,18-30,3,Driver,Normal,Not a Pedestrian,No priority to vehicle,Slight Injury,1,0.0,0.0,1.0,0.0,52980,Sore,0.16666666666666666,-0.5442638586190858,3,0.3,0.5298
13:30:00,Saturday,31-50,Male,Junior high school,Employee,5-10yr,Automobile,Owner,Unknown,No defect,Office areas,Undivided Two way,Tangent road with flat terrain,No junction,Earth roads,Dry,Daylight,Normal,Vehicle with vehicle collision,1,1,Going straight,na,na,na,na,Employee,Normal,Not a Pedestrian,Changing lane to the right,Serious Injury,1,0.0,0.0,1.0,1.0,48600,Siang,0.0,-0.5442638586190858,0,0.0,0.486
16:20:00,Wednesday,31-50,Male,Elementary school,Owner,2-5yr,Lorry (41?100Q),Owner,Unknown,No defect,Office areas,Undivided Two way,Tangent road with flat terrain,Other,Asphalt roads,Dry,Daylight,Normal,Vehicle with vehicle collision,2,1,Going straight,na,na,na,na,Driver,Normal,Not a Pedestrian,Changing lane to the left,Slight Injury,1,0.0,0.0,1.0,0.0,58800,Sore,0.16666666666666666,-0.5442638586190858,0,0.0,0.588
16:20:00,Wednesday,Unknown,Female,Elementary school,Employee,Below 1yr,Stationwagen,Governmental,Below 1yr,No defect,Residential areas,Two-way (divided with broken lines road marking),Tangent road with flat terrain,Other,Asphalt roads,Dry,Daylight,Normal,Vehicle with vehicle collision,2,1,Going straight,Driver or rider,Male,31-50,3,Employee,Normal,Not a Pedestrian,No priority to vehicle,Slight Injury,0,0.0,0.0,0.0,0.0,58800,Sore,0.16666666666666666,-0.5442638586190858,3,0.3,0.588
9:40:00,Friday,Unknown,Female,Junior high school,Employee,5-10yr,Pick up upto 10Q,Owner,Unknown,No defect, Industrial areas,Undivided Two way,Tangent road with flat terrain,Y Shape,Earth roads,Dry,Daylight,Normal,Vehicle with vehicle collision,2,1,Going straight,na,na,na,na,Self-employed,Normal,Not a Pedestrian,Driving carelessly,Slight Injury,0,0.0,0.0,1.0,0.0,34800,Pagi,0.16666666666666666,-0.5442638586190858,0,0.0,0.348
9:40:00,Friday,Over 51,Male,Junior high school,Employee,Above 10yr,Automobile,Owner,Unknown,No defect,Office areas,Undivided Two way,Tangent road with flat terrain,Y Shape,Asphalt roads,Dry,Daylight,Normal,Vehicle with vehicle collision,2,1,Other,Driver or rider,Male,18-30,3,Driver,Normal,Not a Pedestrian,Moving Backward,Slight Injury,1,0.0,0.0,1.0,0.0,34800,Pagi,0.16666666666666666,-0.5442638586190858,3,0.3,0.348
19:20:00,Saturday,31-50,Male,High school,Employee,1-2yr,Automobile,Owner,Unknown,No defect,Other,Undivided Two way,Tangent road with flat terrain,Crossing,Asphalt roads,Dry,Daylight,Normal,Collision with roadside objects,2,1,Going straight,na,na,na,na,Driver,Normal,Not a Pedestrian,No distancing,Slight Injury,1,0.0,0.0,1.0,0.0,69600,Malam,0.16666666666666666,-0.5442638586190858,0,0.0,0.696
19:20:00,Saturday,Over 51,Male,Junior high school,Owner,5-10yr,Automobile,Owner,Unknown,No defect,Other,Two-way (divided with broken lines road marking),Tangent road with flat terrain,Crossing,Asphalt roads,Dry,Daylight,Normal,Vehicle with vehicle collision,2,1,Getting off,na,na,na,na,Self-employed,Normal,Not a Pedestrian,Changing lane to the left,Slight Injury,1,0.0,0.0,1.0,0.0,69600,Malam,0.16666666666666666,-0.5442638586190858,0,0.0,0.696
17:17:00,Wednesday,Over 51,Male,Junior high school,Employee,1-2yr,Other,Owner,Unknown,No defect,Residential areas,Undivided Two way,Tangent road with flat terrain,No junction,Asphalt roads,Dry,Daylight,Normal,Collision with roadside objects,2,1,Going straight,na,na,na,na,Self-employed,Normal,Not a Pedestrian,Changing lane to the left,Slight Injury,1,0.0,0.0,1.0,0.0,62220,Sore,0.16666666666666666,-0.5442638586190858,0,0.0,0.6222
17:17:00,Wednesday,Over 51,Male,Junior high school,Employee,Above 10yr,Automobile,Owner,Unknown,No defect,Office areas,Two-way (divided with broken lines road marking),Tangent road with flat terrain,No junction,Asphalt roads,Dry,Daylight,Normal,Vehicle with vehicle collision,2,1,Going straight,Passenger,Female,31-50,3,Driver,Normal,Not a Pedestrian,No distancing,Slight Injury,1,0.0,0.0,1.0,0.0,62220,Sore,0.16666666666666666,-0.5442638586190858,3,0.3,0.6222
17:57:00,Wednesday,Unknown,Female,Junior high school,Employee,Below 1yr,Public (13?45 seats),Organization,Unknown,No defect,Residential areas,other,Tangent road with flat terrain,No junction,Asphalt roads,Dry,Daylight,Normal,Vehicle with vehicle collision,2,1,Going straight,Driver or rider,Male,31-50,2,Driver,Normal,Not a Pedestrian,Changing lane to the left,Slight Injury,0,1.0,0.0,0.0,0.0,64620,Sore,0.16666666666666666,-0.5442638586190858,2,0.2,0.6462
17:57:00,Wednesday,31-50,Male,Elementary school,Employee,2-5yr,Public (13?45 seats),Owner,Unknown,No defect,Office areas,Two-way (divided with broken lines road marking),Tangent road with flat terrain,No junction,Asphalt roads,Dry,Daylight,Normal,Vehicle with vehicle collision,2,1,Going straight,na,na,na,na,Self-employed,Normal,Not a Pedestrian,Driving carelessly,Slight Injury,1,0.0,0.0,1.0,0.0,64620,Sore,0.16666666666666666,-0.5442638586190858,0,0.0,0.6462
21:14:00,Saturday,18-30,Male,Junior high school,Employee,5-10yr,Automobile,Owner,Unknown,No defect, Church areas,Two-way (divided with broken lines road marking),Tangent road with flat terrain,No junction,Asphalt roads,Dry,Darkness - lights lit,Normal,Collision with pedestrians,3,1,Going straight,Driver or rider,Female,18-30,3,Self-employed,Normal,Not a Pedestrian,Changing lane to the left,Slight Injury,1,0.0,0.0,1.0,0.0,76440,Malam,0.33333333333333337,-0.5442638586190858,3,0.3,0.7644
21:14:00,Saturday,Unknown,Female,Elementary school,Employee,5-10yr,Public (12 seats),Organization,5-10yrs,No defect,Residential areas,Two-way (divided with broken lines road marking),Tangent road with flat terrain,No junction,Asphalt roads,Dry,Darkness - lights lit,Normal,Vehicle with vehicle collision,3,1,Going straight,na,na,na,na,Driver,Normal,Not a Pedestrian,No distancing,Slight Injury,0,1.0,0.0,0.0,0.0,76440,Malam,0.33333333333333337,-0.5442638586190858,0,0.0,0.7644
21:14:00,Saturday,Unknown,Female,Junior high school,Owner,1-2yr,Public (12 seats),Owner,Above 10yr,No defect,School areas,other,Tangent road with flat terrain,No junction,Asphalt roads,Dry,Darkness - lights lit,Normal,Vehicle with vehicle collision,3,1,Moving Backward,na,na,na,na,Driver,Normal,Not a Pedestrian,Changing lane to the right,Slight Injury,0,0.0,0.0,1.0,0.0,76440,Malam,0.33333333333333337,-0.5442638586190858,0,0.0,0.7644
11:50:00,Saturday,Unknown,Male,Junior high school,Employee,5-10yr,Lorry (41?100Q),Owner,5-10yrs,No defect, Hospital areas,other,Steep grade downward with mountainous terrain,Y Shape,Asphalt roads,Dry,Daylight,Normal,Vehicle with vehicle collision,2,1,Going straight,Driver or rider,Male,18-30,3,Driver,Normal,Not a Pedestrian,No distancing,Slight Injury,1,0.0,0.0,1.0,0.0,42600,Siang,0.16666666666666666,-0.5442638586190858,3,0.3,0.426
11:50:00,Saturday,18-30,Male,Unknown,Other,5-10yr,Automobile,Owner,2-5yrs,No defect,Other,Undivided Two way,Tangent road with flat terrain,Y Shape,Asphalt roads,Dry,Daylight,Normal,Collision with pedestrians,2,1,Other,Driver or rider,Male,31-50,3,Driver,Normal,Not a Pedestrian,Driving to the left,Slight Injury,1,0.0,0.0,1.0,0.0,42600,Siang,0.16666666666666666,-0.5442638586190858,3,0.3,0.426
10:30:00,Wednesday,Under 18,Male,High school,Employee,2-5yr,Pick up upto 10Q,Owner,Unknown,No defect,School areas,Double carriageway (median),Tangent road with flat terrain,Y Shape,Asphalt roads with some distress,Dry,Daylight,Normal,Collision with roadside objects,2,1,Going straight,na,na,na,na,Driver,Normal,Not a Pedestrian,No distancing,Slight Injury,1,0.0,0.0,1.0,0.0,37800,Siang,0.16666666666666666,-0.5442638586190858,0,0.0,0.378
10:30:00,Wednesday,31-50,Male,Junior high school,Employee,1-2yr,Pick up upto 10Q,Owner,Above 10yr,No defect,Other,other,Tangent road with flat terrain,Y Shape,Asphalt roads,Dry,Daylight,Normal,Vehicle with vehicle collision,2,1,Going straight,na,na,na,na,Driver,Normal,Not a Pedestrian,Overtaking,Slight Injury,1,0.0,0.0,1.0,0.0,37800,Siang,0.16666666666666666,-0.5442638586190858,0,0.0,0.378
18:43:00,Saturday,Over 51,Male,Junior high school,Employee,5-10yr,Lorry (41?100Q),Owner,5-10yrs,No defect, Industrial areas,Undivided Two way,Tangent road with flat terrain,Y Shape,Asphalt roads,Dry,Daylight,Normal,Vehicle with vehicle collision,2,1,Going straight,Pedestrian,Male,18-30,2,Driver,Normal,"In carriageway, statioNot a Pedestrianry - not crossing  (standing or playing) - masked by parked or statioNot a Pedestrianry vehicle",Driving under the influence of drugs,Slight Injury,1,0.0,0.0,1.0,0.0,67380,Malam,0.16666666666666666,-0.5442638586190858,2,0.2,0.6738
18:43:00,Saturday,18-30,Male,Junior high school,Employee,2-5yr,Automobile,Owner,Unknown,No defect, Church areas,Two-way (divided with broken lines road marking),Tangent road with flat terrain,Y Shape,Asphalt roads,Dry,Daylight,Normal,Vehicle with vehicle collision,2,1,Going straight,na,na,na,na,Driver,Normal,Not a Pedestrian,No priority to pedestrian,Slight Injury,1,0.0,0.0,1.0,0.0,67380,Malam,0.16666666666666666,-0.5442638586190858,0,0.0,0.6738
16:17:00,Tuesday,Over 51,Male,Junior high school,Employee,No Licence,Stationwagen,Owner,Unknown,No defect,Office areas,Two-way (divided with broken lines road marking),Tangent road with flat terrain,No junction,Asphalt roads,Wet or damp,Daylight,Raining,Vehicle with vehicle collision,1,1,Going straight,Driver or rider,Male,Under 18,3,Driver,Normal,Not a Pedestrian,Moving Backward,Serious Injury,1,0.0,0.0,1.0,1.0,58620,Sore,0.0,-0.5442638586190858,3,0.3,0.5862
11:10:00,Sunday,18-30,Male,Junior high school,Employee,Above 10yr,Motorcycle,Owner,Unknown,No defect,Other,Two-way (divided with broken lines road marking),Tangent road with flat terrain,No junction,Asphalt roads,Dry,Daylight,Normal,Vehicle with vehicle collision,2,3,Moving Backward,na,na,na,na,Driver,Normal,Not a Pedestrian,Changing lane to the right,Slight Injury,1,0.0,0.0,1.0,0.0,40200,Siang,0.16666666666666666,1.4415615547278733,0,0.0,0.402
11:10:00,Sunday,31-50,Male,Junior high school,Employee,Above 10yr,Automobile,Owner,Unknown,No defect,Office areas,Double carriageway (median),Tangent road with flat terrain,No junction,Asphalt roads,Dry,Daylight,Normal,Vehicle with vehicle collision,2,3,Going straight,Driver or rider,Male,31-50,3,Driver,Normal,Not a Pedestrian,Changing lane to the left,Slight Injury,1,0.0,0.0,1.0,0.0,40200,Siang,0.16666666666666666,1.4415615547278733,3,0.3,0.402
11:10:00,Sunday,31-50,Male,Junior high school,Employee,5-10yr,Other,Owner,Unknown,No defect,Office areas,Double carriageway (median),Tangent road with flat terrain,No junction,Asphalt roads,Dry,Daylight,Normal,Vehicle with vehicle collision,2,3,Going straight,Driver or rider,Male,18-30,3,Driver,Normal,Not a Pedestrian,Changing lane to the right,Slight Injury,1,0.0,0.0,1.0,0.0,40200,Siang,0.16666666666666666,1.4415615547278733,3,0.3,0.402
15:20:00,Sunday,Over 51,Male,High school,Employee,2-5yr,Automobile,Governmental,Unknown,No defect,Office areas,Double carriageway (median),Tangent road with flat terrain,Y Shape,Asphalt roads,Dry,Daylight,Normal,Collision with roadside objects,2,1,Going straight,na,na,na,na,Driver,Normal,Not a Pedestrian,Driving under the influence of drugs,Serious Injury,1,0.0,0.0,0.0,1.0,55200,Sore,0.16666666666666666,-0.5442638586190858,0,0.0,0.552
15:20:00,Sunday,Over 51,Male,High school,Owner,2-5yr,Automobile,Owner,Unknown,No defect,Residential areas,Double carriageway (median),Tangent road with flat terrain,Y Shape,Asphalt roads,Dry,Daylight,Normal,Collision with roadside objects,2,1,Going straight,Pedestrian,Male,18-30,3,Driver,Normal,Not a Pedestrian,No priority to vehicle,Serious Injury,1,0.0,0.0,1.0,1.0,55200,Sore,0.16666666666666666,-0.5442638586190858,3,0.3,0.552
9:15:00,Tuesday,18-30,Male,Junior high school,Employee,Below 1yr,Automobile,Owner,Unknown,No defect,Office areas,Double carriageway (median),Tangent road with flat terrain,No junction,Asphalt roads,Dry,Daylight,Normal,Vehicle with vehicle collision,2,1,Going straight,Driver or rider,Male,31-50,3,Driver,Normal,Not a Pedestrian,No priority to vehicle,Slight Injury,1,0.0,0.0,1.0,0.0,33300,Pagi,0.16666666666666666,-0.5442638586190858,3,0.3,0.333
9:15:00,Tuesday,Unknown,Male,Junior high school,Owner,Above 10yr,Public (> 45 seats),Owner,2-5yrs,No defect,Other,Undivided Two way,Tangent road with flat terrain,No junction,Asphalt roads,Dry,Daylight,Normal,Vehicle with vehicle collision,2,1,Going straight,na,na,na,na,Driver,Normal,Not a Pedestrian,Changing lane to the left,Slight Injury,1,0.0,0.0,1.0,0.0,33300,Pagi,0.16666666666666666,-0.5442638586190858,0,0.0,0.333
8:45:00,Thursday,18-30,Male,Junior high school,Employee,Above 10yr,Automobile,Owner,2-5yrs,No defect, Industrial areas,One way,Tangent road with flat terrain,Y Shape,Asphalt roads,Dry,Daylight,Normal,Vehicle with vehicle collision,2,2,Going straight,Driver or rider,Male,18-30,3,Driver,Normal,Not a Pedestrian,Changing lane to the right,Slight Injury,1,0.0,0.0,1.0,0.0,31500,Pagi,0.16666666666666666,0.44864884805439376,3,0.3,0.315
8:45:00,Thursday,31-50,Male,Elementary school,Employee,2-5yr,Other,Owner,Unknown,No defect,Other,One way,Tangent road with flat terrain,Y Shape,Asphalt roads,Dry,Daylight,Normal,Vehicle with vehicle collision,2,2,Going straight,na,na,na,na,Driver,Normal,Not a Pedestrian,Changing lane to the right,Slight Injury,1,0.0,0.0,1.0,0.0,31500,Pagi,0.16666666666666666,0.44864884805439376,0,0.0,0.315